https://.facebook.com/h40huynh,Huỳnh Nhật Hào
https://.facebook.com/d.khai.zap,Châu Pha Nguyễn
https://.facebook.com/vohuynhhuusang,Võ Huỳnh Hữu Sang
https://.facebook.com/le.thihuyenthu.792,Huyền Thư
https://.facebook.com/100004214566014,Nguyễn Khoa
https://.facebook.com/chu.huynh.14268,Huỳnh Minh Chủ
https://.facebook.com/lehuyenmy2812,Lê Huyền My
https://.facebook.com/xuanan22.22,Phạm Xuân An
https://.facebook.com/laodaidia,Đại Nguyễn
https://.facebook.com/anhieu1337,An Hieu
https://.facebook.com/MrKiett007,Ba Kiet
https://.facebook.com/100013728429775,Nguyễn Khang
https://.facebook.com/duyvat13,Khắc Duy
https://.facebook.com/hongquang4vn,Dang Hong Quang
https://.facebook.com/100005495376057,Tú Hoàng
https://.facebook.com/lamthanhngan2705,Lâm Thanh Ngân
https://.facebook.com/hexi.anh.14,Mai Hương
https://.facebook.com/vn.hmtuan.lt,Minh Tuấn
https://.facebook.com/100000792968749,Minh Quân
https://.facebook.com/vuthithuhong.01,Vũ Thị Thu Hồng
https://.facebook.com/100007462759487,Terry Nguyen
https://.facebook.com/quicpx,Cao Phan Xuân Quí
https://.facebook.com/nguyencaothai04,Nguyễn Thái
https://.facebook.com/lamkhepham99,Phạm Lam Khê
https://.facebook.com/quangminh3102,Phạm Quang Minh
https://.facebook.com/MinhHieu.Oceanteam,Huỳnh Minh Hiếu
https://.facebook.com/thanhtam.tranhuu,Trần Hữu Thanh Tâm
https://.facebook.com/soyy.ya,Hoa Phương
https://.facebook.com/tantran1999,Tân Trần
https://.facebook.com/huynhhuuhung99,Huỳnh Hùng
https://.facebook.com/blg.nguyen,Nguyen Anh Duc
https://.facebook.com/tuong.vi.02012000,Nguyễn Thanh Tường Vi
https://.facebook.com/hung.huynhhuu.99,Huỳnh Hùng
https://.facebook.com/jerabi.ra.3,Hồng Hà Nguyễn
https://.facebook.com/100044228049874,Hong Nguyen
https://.facebook.com/huynh.khoa.359,Huỳnh Khoa
https://.facebook.com/100003187064834,Thư Nguyễn
https://.facebook.com/cious.paypool,Nguyễn Minh
https://.facebook.com/iris.decembre,Chan Chan
https://.facebook.com/quangpl99,Le Quang
https://.facebook.com/hoangxt2010,Hà Minh Hoàng
https://.facebook.com/100008322845119,Lien Kim Nguyen
https://.facebook.com/3qcamninh,Hoàng Việt
https://.facebook.com/Trung.TinSinhK8,Ib Doãn Trung
https://.facebook.com/atn.152,Nhat Truong
https://.facebook.com/kimhien.nguyen.1675,Kim Hien Nguyen
https://.facebook.com/100037397632504,Nguyễn Kim Sơn
https://.facebook.com/quoc.nguyenkim.969,Quốc Nguyễn Kim
https://.facebook.com/dungtran,Trần Dũng
https://.facebook.com/hp.nguyen.520562,Hồng Phúc
https://.facebook.com/Haisoul,Hải Nguyễn
https://.facebook.com/phuocbandao,Phước Bản Đào
https://.facebook.com/nttmkhang,Nguyen Khang
https://.facebook.com/Thao35Nguyen,Nguyễn Thảo Nguyên
https://.facebook.com/binhnk21,Binh Nguyen Kim
https://.facebook.com/mitol.nitol,Sain De Avenir
https://.facebook.com/lengoc.tuan.18488,Tuấn Lê Ngọc
https://.facebook.com/ltt.hoa.29,Hòa Lê
https://.facebook.com/RiAmmye,Lê Quỳnh Như
https://.facebook.com/100005522235740,Thanh Ngân Huỳnh
https://.facebook.com/hanhan.nguyen.7165,Vũ Phương Thảo
https://.facebook.com/quynh.nguyenlam.182,Nguyễn Lâm Quỳnh
https://.facebook.com/100014265942649,Ngọc Duyên
https://.facebook.com/tuancdj,Tuan Anh
https://.facebook.com/100044289612521,Lê Ngọc Hiển
https://.facebook.com/hoangxt2803,Hà Minh Hoàng
https://.facebook.com/100037081026129,Nguyễn Thao
https://.facebook.com/bi.xitin.35,Bi Xitin
https://.facebook.com/nguyenngoc.trung.7186,Nguyễn Ngọc Trung
https://.facebook.com/100011835126933,Nhật Chiến
https://.facebook.com/27.thaibao.01,Trần Thái Bảo
https://.facebook.com/Thinhhenry99,Thịnh Henry
https://.facebook.com/hanhhanh.11223344,Thúy Hạnh
https://.facebook.com/d.thinh.trinh,Thịnh Đức Trịnh
https://.facebook.com/duy.tranphammai,Mai Duy
https://.facebook.com/100004634552926,Bảo Bảo
https://.facebook.com/tri.nguyenduong,Trí Nguyễn
https://.facebook.com/nbphong,Nguyễn Bằng Phong
